img,model,predicted,reconstruction_prob
149,resnet,airplane,"[5.2568102e-01 8.0836390e-04 4.7286460e-01 1.9478208e-05 3.8807866e-06
 6.1670667e-04 8.0137696e-08 3.2559780e-07 1.7850316e-06 3.7361685e-06]"
5161,resnet,dog,"[1.0308703e-07 4.6092890e-07 1.0978660e-08 5.6500295e-03 1.5405496e-06
 9.9433607e-01 8.9535263e-07 9.8229939e-06 2.6750425e-07 6.6192155e-07]"
5274,resnet,cat,"[1.7575441e-05 1.3387743e-06 3.9849961e-01 4.9300435e-01 1.0819958e-01
 2.5042592e-04 3.7832135e-06 1.6388199e-06 2.7858036e-07 2.1478811e-05]"
1776,resnet,airplane,"[9.2901933e-01 2.8402961e-05 9.2583914e-06 6.8278614e-06 3.3658127e-06
 5.6505610e-06 1.1567218e-05 6.3776824e-06 7.0899650e-02 9.5214336e-06]"
8866,resnet,ship,"[9.37795176e-06 2.89312731e-02 1.49732318e-06 2.95905025e-08
 3.48590667e-09 2.74306933e-09 1.18473594e-07 5.17604121e-07
 9.71056998e-01 2.28857644e-07]"
7924,resnet,dog,"[3.0900748e-07 1.2707015e-09 2.3031980e-07 1.8310419e-06 1.9301119e-07
 9.9999738e-01 5.2578606e-08 1.3316025e-09 5.7974137e-10 4.8378034e-08]"
9676,resnet,dog,"[5.2618230e-07 4.8522764e-10 1.0153534e-07 3.0517069e-06 1.8717099e-08
 9.9999487e-01 6.7037425e-09 2.0319311e-08 1.4144263e-06 4.9307197e-10]"
5324,resnet,truck,"[6.8543983e-08 1.5270533e-08 1.9118845e-10 3.2663134e-09 3.9458243e-08
 1.6252590e-10 3.3186176e-09 2.1499515e-07 4.1500037e-04 9.9958462e-01]"
9843,resnet,automobile,"[8.7332175e-10 9.9999988e-01 1.9689621e-09 2.8146845e-09 9.3190880e-12
 3.7353110e-11 2.3155613e-09 9.2735533e-12 1.6108223e-07 2.1725516e-10]"
6263,resnet,airplane,"[9.5346856e-01 4.1630376e-08 4.6411235e-02 2.1707450e-08 1.0647214e-04
 7.7220261e-07 5.0757865e-08 6.0162148e-07 1.2164225e-05 2.4911175e-08]"
7282,resnet,automobile,"[7.2753570e-12 1.0000000e+00 2.2596661e-13 7.8311690e-10 4.0486565e-13
 7.5156027e-11 5.0988090e-12 1.3851000e-13 1.8533461e-08 1.7706657e-08]"
2090,resnet,horse,"[4.1069645e-02 6.8159522e-07 3.0755108e-02 1.0994282e-04 2.1179243e-04
 5.4503864e-05 5.1600165e-07 9.2777979e-01 1.5066869e-05 2.9783182e-06]"
1330,resnet,bird,"[2.9285579e-06 3.6987303e-06 7.8670359e-01 2.0721197e-01 3.2603366e-05
 1.5723082e-06 1.2870089e-04 5.6227697e-03 2.4489700e-06 2.8967962e-04]"
5037,resnet,airplane,"[8.5316950e-01 1.5687413e-06 4.8996080e-06 3.4892679e-08 4.7223776e-07
 9.4038732e-09 2.1528269e-08 1.4616597e-01 6.5209100e-04 5.4451798e-06]"
7631,resnet,automobile,"[6.6564105e-09 9.9995697e-01 8.3408713e-10 1.0089457e-08 4.9510768e-10
 5.7078711e-09 7.6710549e-10 5.5822490e-08 4.7897643e-08 4.2887194e-05]"
3177,resnet,airplane,"[6.9642437e-01 1.6742441e-10 3.0357549e-01 5.4035628e-08 4.4551550e-11
 6.3543018e-11 1.0672625e-08 2.5333971e-11 1.9590414e-09 9.2911384e-10]"
5723,resnet,automobile,"[2.6027171e-12 1.0000000e+00 4.3364963e-17 8.8894271e-14 1.6161937e-19
 1.2659474e-15 6.9052958e-16 4.3976987e-18 1.1424471e-12 4.4114181e-14]"
1991,resnet,automobile,"[2.5879683e-07 9.8670572e-01 7.9017440e-08 1.6662268e-07 4.2530068e-08
 2.6153848e-05 1.7275274e-06 2.4581043e-06 8.4556990e-07 1.3262649e-02]"
3401,resnet,dog,"[5.0869294e-06 3.5975777e-06 4.3642018e-02 3.8521325e-06 3.3596604e-07
 9.5628548e-01 2.6951026e-05 3.1359530e-05 1.0005505e-09 1.3055161e-06]"
6726,resnet,frog,"[2.5496047e-10 1.9338772e-07 1.4888843e-04 1.3105233e-03 2.3855411e-01
 4.5055710e-02 7.1492392e-01 8.0888878e-09 1.2577445e-08 6.5338454e-06]"
1343,resnet,airplane,"[9.99931455e-01 1.88501602e-07 1.46828283e-09 6.82866157e-05
 1.67969569e-10 1.08895044e-12 4.75953943e-10 2.07101159e-11
 1.04804085e-08 6.62708288e-08]"
8482,resnet,horse,"[6.8205177e-06 3.0145586e-01 3.1160874e-07 1.4858198e-06 4.3326900e-06
 2.6580406e-07 9.7061718e-07 6.9797093e-01 3.0203943e-05 5.2882708e-04]"
5099,resnet,bird,"[1.7622828e-05 9.6788344e-06 6.6699505e-01 2.1737501e-02 2.8176876e-06
 3.0930638e-01 4.5347802e-05 1.8635663e-03 2.1892614e-05 1.5845858e-07]"
7604,resnet,automobile,"[4.3738689e-04 8.9686292e-01 7.4429161e-05 6.3424901e-04 2.6339330e-06
 1.7188126e-04 4.4756135e-04 4.6272794e-06 1.3920091e-03 9.9972263e-02]"
9048,resnet,truck,"[1.9407792e-02 7.3589895e-08 1.2520784e-11 4.7113900e-11 2.3898977e-12
 6.5574659e-12 2.7577768e-10 1.9615784e-10 1.1830855e-04 9.8047388e-01]"
2462,resnet,automobile,"[4.1767215e-08 9.9999201e-01 4.5732864e-07 4.5626589e-08 6.6368795e-09
 4.0755895e-06 6.7690230e-08 1.4713491e-07 3.6884705e-07 2.7306480e-06]"
8253,resnet,bird,"[1.3917642e-05 4.5204263e-08 9.9117446e-01 8.8050002e-03 3.0408332e-06
 5.2601852e-08 3.0447447e-06 6.4281807e-08 1.5363938e-08 1.7502859e-07]"
8819,resnet,airplane,"[6.0848320e-01 1.9851083e-10 1.2697365e-08 2.6430566e-10 3.9151680e-01
 5.3116529e-11 2.4806534e-11 1.4856585e-09 5.1064447e-10 2.1378646e-08]"
9781,resnet,dog,"[5.3012239e-13 1.6417832e-08 4.0924876e-12 1.9010218e-02 4.7372878e-10
 9.8098975e-01 4.0877506e-09 3.2109579e-11 8.0381422e-12 2.9589886e-10]"
1623,resnet,bird,"[1.07245804e-04 2.99366593e-06 9.88702655e-01 1.07917525e-02
 8.66888586e-05 1.53951044e-06 1.70708461e-07 1.80979187e-05
 2.39493856e-05 2.65039038e-04]"
4400,resnet,dog,"[3.7943468e-11 2.6584826e-11 4.3437758e-06 6.0956063e-06 2.4704502e-08
 9.9998939e-01 4.4435758e-08 1.5021776e-07 1.6640820e-09 1.1556444e-11]"
9157,resnet,cat,"[1.0731626e-09 4.1578250e-08 4.0608759e-07 9.9510705e-01 2.2615085e-04
 4.6653561e-03 3.8930775e-08 2.0831617e-07 1.6828242e-09 6.7826682e-07]"
2913,resnet,airplane,"[1.0000000e+00 1.5334511e-11 2.1205576e-10 2.2705493e-09 3.7532366e-11
 2.5915812e-12 9.0461159e-11 3.3178961e-12 1.7517625e-09 2.4009355e-11]"
5771,resnet,dog,"[1.5085965e-07 4.0220584e-06 3.2718670e-02 7.5818161e-06 5.1457196e-04
 9.6229142e-01 4.4217366e-03 4.1449053e-05 2.5752948e-07 2.3011467e-07]"
10,resnet,airplane,"[7.6821136e-01 1.3247765e-06 2.4352767e-07 2.3045902e-01 2.8607054e-05
 5.7271920e-04 5.0482131e-04 5.0313734e-05 1.7145631e-04 1.8019149e-07]"
8527,resnet,automobile,"[5.0139857e-08 9.9780244e-01 1.2264950e-10 6.2577919e-07 1.7784754e-07
 1.7947547e-08 1.9561970e-08 7.1297268e-07 5.1553084e-08 2.1959147e-03]"
4408,resnet,bird,"[7.0847906e-02 1.7548422e-04 8.6350304e-01 1.1536255e-05 7.9568289e-03
 3.4329187e-06 5.6998566e-02 1.0303826e-04 3.9685730e-04 3.3570911e-06]"
6050,resnet,deer,"[1.7765917e-02 3.5766680e-06 3.0920926e-01 3.8880960e-05 6.6931266e-01
 2.9789498e-03 1.8862163e-05 5.9726794e-04 6.2937048e-05 1.1775667e-05]"
5559,resnet,bird,"[7.3004885e-05 1.5729501e-07 9.9088764e-01 6.0579656e-03 2.5765949e-09
 1.0777247e-04 5.2695697e-07 2.8170021e-03 4.6637117e-05 9.3677254e-06]"
8094,resnet,automobile,"[2.45656473e-09 9.68644679e-01 1.18552002e-09 1.07463883e-07
 5.97100092e-10 1.84257996e-08 1.03078825e-08 1.56410024e-07
 8.00471526e-07 3.13542895e-02]"
1664,resnet,cat,"[9.9444250e-04 1.6379760e-08 3.5635827e-07 9.9900478e-01 1.5149118e-08
 1.9427520e-09 4.0945611e-07 7.2830419e-10 1.4532242e-08 4.3823114e-09]"
8761,resnet,airplane,"[8.9448076e-01 5.1305897e-06 1.0547688e-01 1.3937985e-07 4.6924518e-07
 3.2560735e-08 4.3564060e-06 2.9882544e-06 2.9106912e-05 1.5017385e-07]"
3493,resnet,airplane,"[9.9583864e-01 3.0358413e-07 3.7003889e-07 4.1603129e-03 9.4411492e-09
 1.3636573e-08 2.9128375e-07 5.1139176e-10 4.5483710e-09 4.8385242e-08]"
597,resnet,cat,"[1.5594974e-01 1.1717620e-04 4.1262489e-03 8.1753051e-01 1.0972961e-06
 1.0317487e-03 1.6157173e-05 2.0665543e-02 3.5808689e-06 5.5828941e-04]"
219,resnet,bird,"[3.1726281e-11 3.1328876e-10 9.9999630e-01 6.4236252e-13 9.5410746e-07
 3.5653355e-10 1.6460830e-10 2.6931411e-06 1.2771452e-11 9.3823553e-11]"
4885,resnet,bird,"[1.0998664e-06 3.1749399e-09 7.2516710e-01 5.0221748e-05 2.5223187e-07
 2.7477869e-01 2.2112747e-06 4.3917834e-07 3.6126153e-08 1.3607717e-09]"
244,resnet,airplane,"[9.9999619e-01 1.1206912e-10 4.6401621e-07 9.7556807e-10 3.3202232e-06
 3.8906300e-13 8.4528521e-12 3.4712740e-12 6.5123552e-11 4.4515951e-09]"
4547,resnet,bird,"[4.3037406e-05 4.1338317e-06 2.6837310e-01 3.5832442e-02 6.9669951e-03
 2.3459531e-01 2.2403875e-01 7.8499470e-06 1.1656010e-05 2.3012672e-01]"
5709,resnet,cat,"[1.4240749e-05 8.1064536e-06 2.0171799e-01 7.9401642e-01 3.9071674e-03
 9.4556519e-05 1.1472035e-05 1.8340367e-04 3.5403446e-07 4.6237241e-05]"
4003,resnet,airplane,"[9.9998903e-01 8.0395785e-06 1.3669817e-06 1.1428860e-08 4.7474600e-08
 2.4753795e-11 1.2529798e-09 1.4192336e-06 2.0664886e-07 1.9571100e-08]"
7021,resnet,ship,"[7.17918128e-02 2.77464420e-01 1.19605684e-04 4.85081226e-04
 1.58720904e-05 4.81941515e-06 2.43644463e-04 6.46888511e-04
 6.47492766e-01 1.73508294e-03]"
2614,resnet,airplane,"[5.5273855e-01 1.9572157e-07 2.1353146e-04 4.4696397e-01 7.9724969e-06
 6.7181645e-08 7.5484277e-05 1.0867004e-07 6.3134252e-08 9.5267986e-08]"
1712,resnet,bird,"[3.42614055e-01 1.42360195e-08 6.57385886e-01 2.09216408e-10
 8.76821105e-08 3.45540415e-12 6.83129864e-09 1.93800476e-10
 1.67863479e-09 3.47142037e-10]"
9459,resnet,airplane,"[9.7162694e-01 5.4050997e-06 6.8869383e-08 2.8359821e-02 4.7940517e-07
 7.0841622e-07 1.8434719e-08 3.4354379e-08 7.7796216e-07 5.6699600e-06]"
7838,resnet,airplane,"[9.9999988e-01 7.1473742e-08 1.4982952e-10 1.0406361e-09 2.0151461e-10
 7.1830701e-12 1.0572143e-11 9.6194663e-10 2.4728652e-09 2.4371904e-08]"
9793,resnet,dog,"[4.0173819e-07 1.2056301e-08 7.2516773e-06 2.9238434e-08 2.2327367e-05
 9.9951982e-01 1.1366141e-08 1.8856665e-06 1.4729394e-09 4.4828592e-04]"
1868,resnet,horse,"[5.1596184e-04 1.9549807e-05 3.9054616e-03 3.3263174e-07 1.3372781e-04
 7.7917057e-06 3.7600832e-06 9.9535817e-01 1.5991611e-07 5.5162724e-05]"
5944,resnet,bird,"[1.1808244e-06 1.6975530e-08 9.9093747e-01 4.1574690e-06 2.5495542e-06
 1.1449517e-04 8.9385919e-03 1.8899900e-08 1.3876196e-06 1.6821625e-08]"
692,resnet,airplane,"[9.9979299e-01 8.9368617e-15 2.0520834e-04 1.9339194e-15 2.4870685e-12
 4.3924134e-14 1.9426518e-11 5.7219160e-11 4.0653805e-10 1.7859219e-06]"
4753,resnet,airplane,"[9.2090619e-01 3.1393525e-04 3.3786434e-03 4.3277331e-03 6.4789532e-08
 6.9417290e-02 4.2182540e-07 1.4469053e-03 8.6790465e-08 2.0868564e-04]"
397,resnet,airplane,"[9.8084128e-01 4.1568214e-06 2.5734296e-08 1.2718141e-02 5.0560088e-04
 4.0232531e-05 2.1642011e-06 5.6762509e-03 2.0842019e-06 2.1006167e-04]"
2929,resnet,automobile,"[2.5124380e-06 9.9857771e-01 1.4350308e-08 1.1730982e-06 1.3987116e-08
 2.3200900e-07 3.0966614e-08 1.6210832e-08 1.1951379e-07 1.4181596e-03]"
2400,resnet,ship,"[6.8256713e-02 3.9356267e-03 9.8636951e-07 3.4340799e-05 1.0284932e-07
 3.6778056e-07 5.2456357e-06 5.6287008e-06 9.2736179e-01 3.9922414e-04]"
180,resnet,bird,"[4.2494527e-01 1.2069672e-02 4.7016770e-01 9.1163680e-02 1.1061366e-03
 6.5602485e-06 3.6968730e-04 1.1826632e-04 1.2941440e-05 4.0092800e-05]"
2359,resnet,bird,"[7.1974000e-06 4.9354458e-05 4.5495832e-01 3.1874755e-05 1.3484386e-01
 3.8209438e-01 2.4164448e-05 2.7525865e-02 3.9088883e-04 7.4032963e-05]"
4203,resnet,bird,"[6.1980011e-11 5.2168582e-12 9.9982101e-01 6.8437740e-09 1.7771372e-04
 2.9398206e-11 1.3694307e-06 3.9069654e-11 2.3806360e-10 3.2771716e-09]"
4543,resnet,automobile,"[2.3146538e-07 9.9999976e-01 1.9975552e-09 1.9918246e-10 7.3261323e-14
 5.8007618e-12 3.0706084e-11 3.2231360e-11 6.6498362e-11 1.2721838e-09]"
1372,resnet,truck,"[2.0349414e-06 3.0717665e-01 3.4243342e-08 6.9948883e-06 2.6622884e-09
 8.2893001e-07 4.2233037e-07 8.2778888e-06 3.2063192e-04 6.9248414e-01]"
3694,resnet,bird,"[2.2863282e-03 5.9155997e-08 9.9771333e-01 2.1164323e-07 6.9901671e-09
 1.1328100e-09 1.7628526e-09 5.4178648e-09 4.4194537e-09 8.2191399e-08]"
6568,resnet,bird,"[2.3606459e-05 1.7632942e-08 8.3016646e-01 1.3864626e-01 3.5244875e-04
 3.0778296e-02 6.6826938e-06 2.2015729e-05 3.5845796e-06 5.6350694e-07]"
8813,resnet,automobile,"[3.6270929e-05 9.9989033e-01 8.4581472e-07 1.7016832e-06 1.1166202e-08
 6.3796330e-07 5.1444811e-05 2.4859699e-07 1.4334770e-05 4.3133241e-06]"
2042,resnet,automobile,"[1.7574901e-05 7.6537484e-01 9.9055444e-07 8.5224588e-07 2.1292081e-08
 9.4861292e-08 2.7436516e-07 2.5002432e-06 4.2968859e-05 2.3455976e-01]"
2668,resnet,airplane,"[5.2208561e-01 5.0289799e-07 4.7751442e-01 3.5615009e-04 2.1504209e-06
 2.1881368e-07 2.7212878e-05 1.5054635e-08 1.3739841e-05 7.8161918e-08]"
8114,resnet,dog,"[3.0555919e-05 7.6014485e-04 8.4580111e-05 1.5551696e-02 2.1567784e-04
 9.8254550e-01 2.7792720e-04 1.6713022e-04 3.6612188e-04 7.5948464e-07]"
7584,resnet,automobile,"[9.2880524e-05 9.9990678e-01 1.1934758e-09 1.8706947e-07 2.9040650e-10
 8.4985361e-09 1.7004410e-08 2.4886224e-09 2.3565578e-09 1.2951820e-07]"
8197,resnet,airplane,"[9.15373504e-01 1.41573338e-07 2.16627094e-09 1.06693404e-10
 2.28868771e-06 3.13979398e-11 4.26451582e-11 2.39309855e-07
 8.46234560e-02 4.21344254e-07]"
4155,resnet,frog,"[5.3191183e-05 2.5872333e-07 1.2848160e-06 6.8699834e-03 2.4833224e-05
 4.5359707e-03 9.8835588e-01 2.7695169e-05 1.1097227e-06 1.2984259e-04]"
8616,resnet,frog,"[2.0419688e-10 4.5806294e-07 4.8576350e-08 1.1161858e-04 8.0220957e-08
 1.7298975e-04 9.9971479e-01 1.9963500e-09 1.9864906e-08 6.6827179e-09]"
4799,resnet,automobile,"[1.4174353e-02 9.7697610e-01 7.1066819e-07 5.7514767e-06 6.4045225e-06
 1.7589683e-07 1.2002955e-06 1.4372413e-06 3.4920500e-05 8.7988200e-03]"
9687,resnet,truck,"[6.1689485e-07 6.5620258e-02 1.2724438e-08 3.5881345e-07 1.1727485e-09
 3.5347249e-08 7.4642244e-08 1.4137611e-08 1.7150894e-06 9.3437690e-01]"
7182,resnet,ship,"[1.07071847e-02 1.29297787e-05 1.78189772e-11 2.29586448e-07
 8.33335956e-10 6.61337485e-10 1.27631850e-09 1.08412904e-10
 9.89279568e-01 6.56614816e-08]"
6407,resnet,bird,"[2.5005734e-08 2.9911267e-09 9.9225885e-01 4.6816628e-10 3.0426740e-08
 6.4091801e-05 1.5167698e-08 7.6770131e-03 3.4754404e-11 3.2724071e-10]"
6767,resnet,automobile,"[1.28637737e-04 9.86509740e-01 3.78148826e-07 1.22746115e-07
 2.34843853e-07 7.59885734e-06 7.81951565e-03 1.04578154e-04
 3.51909694e-06 5.42559894e-03]"
9265,resnet,automobile,"[2.0158416e-06 9.9984801e-01 6.7265332e-11 1.6692798e-08 1.3594609e-10
 5.8601762e-11 2.0576776e-06 5.1571916e-09 1.4790145e-04 3.0866399e-08]"
6086,resnet,automobile,"[1.1611038e-09 9.9761462e-01 6.2462259e-06 8.2609910e-09 2.0120898e-09
 2.3700078e-03 9.9552535e-09 3.9032157e-06 2.0353001e-08 5.0938756e-06]"
7285,resnet,automobile,"[6.3340589e-02 8.4830934e-01 3.1525619e-07 3.3870470e-05 4.9156435e-05
 2.4045135e-06 4.0626157e-05 5.2067805e-02 5.5251282e-04 3.5603322e-02]"
9144,resnet,airplane,"[7.2630745e-01 2.0748495e-05 5.0001228e-07 8.9502382e-06 2.4065920e-07
 6.0947629e-09 1.4596316e-07 1.7085151e-06 2.6819226e-01 5.4679425e-03]"
5261,resnet,horse,"[4.43805732e-07 5.11345604e-07 9.87690641e-04 3.51733570e-06
 1.44664218e-05 2.44974467e-06 5.12507995e-07 9.95596349e-01
 3.27320676e-03 1.20798475e-04]"
1539,resnet,bird,"[5.4607727e-02 2.3558790e-04 8.9664853e-01 6.6073111e-04 3.9160680e-02
 1.7206382e-04 1.9883949e-03 6.2483698e-03 4.7629357e-05 2.3030900e-04]"
4833,resnet,deer,"[1.8305118e-03 7.7194086e-04 4.6657710e-03 3.3509411e-04 9.5941746e-01
 8.2116392e-05 2.9053042e-02 4.4387150e-05 4.9213693e-05 3.7505238e-03]"
7171,resnet,airplane,"[9.99987721e-01 6.01972960e-09 4.26019504e-08 1.12246435e-05
 2.76138579e-08 1.04186825e-06 7.97183097e-10 5.06654940e-09
 1.19327181e-09 3.66155384e-10]"
81,resnet,truck,"[7.2116433e-07 2.4868195e-01 3.4862520e-09 5.9114186e-06 4.0896717e-09
 1.6725481e-07 8.7447710e-08 3.5334273e-09 1.9746922e-09 7.5131118e-01]"
8917,resnet,airplane,"[9.9975735e-01 2.2614778e-04 1.9290974e-08 2.9268681e-06 4.1693569e-09
 4.8387530e-09 7.0217709e-07 1.6244407e-07 1.3416630e-07 1.2567941e-05]"
9373,resnet,automobile,"[2.5370611e-07 9.2420220e-01 1.1559450e-09 2.3021416e-08 1.8050244e-09
 3.1956688e-09 6.2516028e-09 8.1029468e-09 3.5625317e-07 7.5797252e-02]"
4175,resnet,horse,"[5.3462572e-04 1.6166930e-05 8.9298757e-03 1.3911743e-02 1.1741878e-05
 1.4740269e-01 1.9853543e-07 6.4273006e-01 1.6423658e-02 1.7003930e-01]"
3267,resnet,dog,"[2.7040442e-06 3.4152262e-07 2.1502320e-08 2.3310743e-02 1.1834857e-06
 9.7668284e-01 3.9874801e-09 4.8157216e-07 2.2261502e-09 1.5831278e-06]"
9113,resnet,frog,"[2.1845706e-05 3.5240918e-01 1.3216193e-05 2.8117277e-06 6.9699659e-06
 5.7689744e-05 6.4724290e-01 6.8852794e-05 6.3325506e-06 1.7028037e-04]"
6355,resnet,airplane,"[9.33082759e-01 1.38847838e-07 1.03370375e-07 6.68006092e-02
 2.09537848e-05 1.06463748e-10 4.50677673e-09 7.54912577e-10
 9.53759154e-05 3.67706328e-08]"
4975,resnet,dog,"[7.6127904e-09 1.1715307e-08 7.4005846e-09 1.9046178e-03 8.3360873e-04
 9.9726057e-01 3.1252662e-07 7.3219383e-07 6.3723573e-09 5.6974578e-08]"
1846,resnet,bird,"[2.6937241e-05 7.3122633e-06 9.0322876e-01 6.3960790e-05 1.3643022e-05
 7.4673519e-02 2.0847186e-02 2.3431621e-05 1.1147505e-03 5.7815060e-07]"
548,resnet,bird,"[3.4874287e-05 9.8823302e-04 5.8392757e-01 4.1090333e-01 4.3203858e-05
 9.5898495e-04 3.4103339e-04 1.4778318e-04 8.1103863e-05 2.5738303e-03]"
8999,resnet,dog,"[1.1342259e-05 3.4019169e-07 4.0202406e-07 1.7545338e-01 1.3595960e-05
 8.1718737e-01 4.8084330e-05 7.2315386e-03 5.0671064e-05 3.2596029e-06]"
9322,resnet,bird,"[8.8887236e-06 1.9677444e-08 9.9836737e-01 6.8101267e-06 2.4462938e-07
 1.5979202e-03 2.7211500e-09 1.8659062e-05 1.4606553e-09 1.6085654e-07]"
6182,resnet,automobile,"[2.23061769e-09 8.91652703e-01 1.82751282e-05 3.37199538e-07
 1.87981132e-05 1.08114317e-01 1.12809226e-04 6.53426032e-05
 1.16659930e-05 5.73129637e-06]"
9008,resnet,airplane,"[9.9848783e-01 2.6553013e-07 1.4228632e-03 2.5515845e-09 4.5816225e-07
 5.5159917e-09 1.2397284e-08 1.8954681e-05 5.4366363e-05 1.5128009e-05]"
1413,resnet,truck,"[1.4235037e-05 1.0324655e-02 3.2911764e-08 7.1643177e-07 4.6953383e-09
 2.6078226e-07 4.1735285e-07 1.5056963e-07 1.8580160e-05 9.8964101e-01]"
8400,resnet,airplane,"[9.9960381e-01 2.5557426e-07 2.9061118e-09 8.2470955e-09 5.9298216e-10
 1.6747930e-09 2.4548958e-09 2.9298911e-07 2.9888110e-08 3.9552912e-04]"
7480,resnet,truck,"[3.37022016e-07 4.25922638e-03 1.04499087e-07 8.37187031e-08
 1.16037135e-08 1.25358906e-06 8.48831263e-08 2.40738564e-06
 2.03654537e-07 9.95736241e-01]"
367,resnet,dog,"[2.0125487e-03 8.4093728e-05 4.2448477e-03 1.2542374e-02 2.8662318e-02
 8.9945018e-01 1.6973879e-02 1.8623652e-02 1.7185045e-02 2.2105874e-04]"
4038,resnet,truck,"[3.9379559e-02 2.4042621e-02 4.0669907e-08 5.4995016e-06 4.0987324e-08
 5.9640583e-06 7.5507963e-08 3.1976626e-06 8.8255167e-02 8.4830791e-01]"
9262,resnet,airplane,"[8.5466081e-01 7.4643040e-06 1.1845113e-09 1.4531942e-01 2.0857065e-08
 8.2452517e-10 1.2120903e-05 2.8888085e-09 1.3763785e-07 7.2928387e-08]"
7038,resnet,airplane,"[9.9887890e-01 4.0418082e-11 1.1209269e-03 4.3028602e-11 6.8716609e-08
 1.3555940e-10 6.6776873e-10 2.2783315e-09 3.5607780e-08 9.3063730e-11]"
4474,resnet,automobile,"[9.3472607e-02 9.0622300e-01 1.6151839e-08 3.8118490e-08 2.2839031e-09
 2.9378563e-10 1.2080206e-05 1.2457302e-07 3.8181470e-06 2.8830205e-04]"
2332,resnet,bird,"[8.1796944e-04 3.8766729e-10 9.9918205e-01 1.7093781e-10 1.5133855e-10
 3.9446953e-11 1.9955315e-11 1.4215729e-09 9.6887387e-10 7.8757023e-10]"
430,resnet,bird,"[4.6114493e-02 1.7032919e-05 8.6412585e-01 2.8146284e-03 8.6788692e-02
 1.9206182e-06 1.2173761e-05 7.9508733e-05 3.9185037e-05 6.5985218e-06]"
4056,resnet,airplane,"[9.97536302e-01 2.45869067e-03 3.84798113e-08 1.97124132e-06
 9.07792810e-08 1.26805615e-08 4.28155502e-08 1.72341274e-07
 1.11237671e-06 1.48365632e-06]"
7387,resnet,ship,"[3.0483511e-09 1.7560390e-01 5.7107439e-09 1.2135366e-08 6.2719678e-12
 3.5013235e-09 1.2041744e-06 1.5063473e-07 8.2437319e-01 2.1516298e-05]"
8648,resnet,automobile,"[1.9588258e-02 9.8022777e-01 5.6621038e-06 1.5855794e-05 3.5099768e-07
 8.3518067e-08 4.8459742e-06 1.2990085e-07 1.4274624e-04 1.4154281e-05]"
2912,resnet,frog,"[1.1201231e-06 4.9756761e-07 1.8055242e-02 1.2938365e-03 9.3488730e-02
 1.3274343e-04 8.8606596e-01 3.9845195e-06 6.3455997e-07 9.5733907e-04]"
1241,resnet,airplane,"[7.1148503e-01 2.2287804e-11 6.8335315e-09 1.6226338e-11 1.8617113e-11
 1.1853239e-13 5.4497719e-11 6.0926847e-11 2.8851125e-01 3.6401545e-06]"
9731,resnet,frog,"[1.06705056e-06 5.87888644e-05 1.16301663e-02 1.11341644e-04
 5.03192496e-06 1.31013361e-03 9.86759901e-01 1.18800956e-04
 3.37065399e-06 1.32324908e-06]"
7632,resnet,horse,"[4.5826834e-01 1.7323242e-04 3.4622240e-03 1.1379482e-05 2.1332929e-05
 1.6552432e-03 1.6207823e-04 5.2937561e-01 1.6734263e-06 6.8689398e-03]"
5592,resnet,deer,"[2.96506158e-04 4.66631609e-05 2.62538106e-05 1.11713186e-01
 4.55106318e-01 4.24441248e-01 7.48813618e-05 6.41233474e-03
 3.01442810e-06 1.87966926e-03]"
6842,resnet,airplane,"[8.9242858e-01 1.5665496e-07 4.5001977e-10 1.0725941e-01 2.8475144e-04
 7.7379175e-10 3.5567476e-09 2.6967385e-08 3.6341849e-08 2.7012007e-05]"
8572,resnet,ship,"[1.5795697e-04 2.1137923e-08 1.4691073e-08 8.2938094e-11 1.1359660e-08
 1.4428061e-09 4.7005738e-10 9.7941599e-11 9.9984193e-01 3.5039149e-09]"
4176,resnet,cat,"[3.3580252e-09 1.6432685e-08 8.9984962e-09 6.3382667e-01 9.3671215e-06
 3.6615616e-01 3.1000628e-08 7.6062347e-06 3.2128010e-08 3.4529386e-08]"
9873,resnet,airplane,"[9.7383952e-01 1.2672779e-03 1.6537700e-02 3.7303055e-03 5.0965377e-06
 5.2491151e-04 3.4952094e-03 4.2355382e-06 5.8719335e-04 8.4284848e-06]"
2601,resnet,automobile,"[5.4446929e-07 9.9999809e-01 1.2848819e-09 4.8482520e-09 1.4870163e-09
 7.1374124e-09 1.5216267e-09 2.2487788e-10 1.2428379e-08 1.3415836e-06]"
8638,resnet,airplane,"[6.8932599e-01 2.9890456e-03 1.4385635e-02 2.2842814e-01 7.2742361e-05
 6.9715816e-07 3.8267754e-03 1.5024791e-04 3.6886793e-02 2.3933897e-02]"
9872,resnet,ship,"[4.4757392e-02 4.6074676e-04 4.1325088e-06 1.8373754e-07 1.6743605e-05
 6.0186908e-06 1.8233353e-04 5.9044044e-03 9.4508910e-01 3.5789663e-03]"
1711,resnet,automobile,"[6.2149237e-09 9.8404241e-01 1.3598826e-07 3.0878638e-08 1.8229390e-09
 1.1932619e-07 3.0385752e-07 8.2250587e-08 1.5940156e-02 1.6732842e-05]"
8265,resnet,ship,"[2.6404815e-02 2.4224385e-06 9.5070050e-08 1.7711002e-07 1.6505682e-07
 4.5427804e-09 1.2296914e-07 6.0448099e-07 9.7357595e-01 1.5709646e-05]"
4216,resnet,airplane,"[9.7824037e-01 8.8061884e-11 2.1759540e-02 1.8531296e-08 3.4739800e-09
 2.0218521e-10 4.7063974e-08 1.7694485e-09 3.2631121e-08 2.1303388e-10]"
742,resnet,airplane,"[9.9636531e-01 1.3690520e-05 3.5952175e-10 1.0009489e-06 6.0738761e-11
 2.2726914e-11 9.5598969e-09 1.3297956e-06 1.2222491e-08 3.6185726e-03]"
125,resnet,bird,"[3.2490455e-02 5.5849273e-06 9.6721184e-01 1.6253469e-04 3.1931306e-06
 1.5013656e-05 3.1913420e-05 1.7720000e-06 6.0450420e-05 1.7113574e-05]"
3064,resnet,truck,"[2.0380087e-08 1.7605291e-03 8.0654705e-10 1.3744927e-08 6.5363742e-11
 7.0403388e-08 7.7395992e-09 1.2289891e-08 1.1183906e-08 9.9823940e-01]"
1725,resnet,airplane,"[9.94550288e-01 1.28242135e-07 5.44922287e-03 1.25042171e-10
 2.36679263e-08 2.78069762e-10 1.35232014e-09 2.05354482e-07
 7.29412903e-08 1.23157475e-08]"
5656,resnet,bird,"[1.8347760e-03 3.5766809e-04 9.7159439e-01 3.2342896e-03 1.8433892e-04
 2.1468999e-04 1.1322618e-02 8.5100634e-03 9.6160505e-04 1.7854426e-03]"
2757,resnet,automobile,"[4.5671464e-07 9.9861228e-01 1.4872806e-08 1.1911631e-08 7.9301885e-11
 1.5292793e-08 9.6859152e-09 7.0536532e-09 2.1440435e-07 1.3870037e-03]"
336,resnet,cat,"[3.7169516e-16 2.5412577e-15 2.2515304e-17 1.0000000e+00 5.7944042e-16
 2.1101328e-13 8.0533352e-15 1.7800222e-15 3.7938637e-16 1.5931855e-13]"
6824,resnet,bird,"[7.8789055e-02 2.4852115e-08 9.1774052e-01 2.1881995e-07 1.8949790e-05
 1.1750896e-07 2.0947303e-03 4.4930764e-04 8.9477998e-04 1.2321296e-05]"
7516,resnet,automobile,"[6.1642056e-09 9.9995053e-01 3.5135937e-08 5.1067008e-09 1.5406530e-09
 6.1903802e-07 1.2900205e-07 9.4543154e-08 1.1635657e-08 4.8623901e-05]"
9436,resnet,horse,"[1.18385719e-08 7.31204171e-03 1.57979346e-04 1.38757025e-06
 6.86704007e-05 3.05144722e-03 1.13505805e-04 9.89163160e-01
 8.58451167e-05 4.58586983e-05]"
5065,resnet,airplane,"[9.9710208e-01 1.9965785e-09 1.5806766e-10 7.1737937e-12 1.6848679e-08
 2.6677693e-10 4.7077234e-12 5.5825200e-10 2.8978800e-03 1.2116469e-09]"
2531,resnet,dog,"[2.3719638e-04 7.1976742e-06 4.8486710e-02 1.1556430e-01 1.7454523e-04
 8.3544868e-01 8.1205944e-06 6.1247010e-05 1.0270529e-06 1.1072904e-05]"
9688,resnet,bird,"[2.2367173e-04 1.3892340e-02 9.7948015e-01 5.2927877e-03 1.3864570e-07
 1.9437569e-04 3.8518026e-04 4.7074326e-07 5.2586501e-04 4.8831289e-06]"
4194,resnet,airplane,"[9.93046820e-01 2.19658980e-09 6.94196485e-03 1.03929215e-05
 5.13633154e-07 2.20641674e-08 3.99365838e-08 4.05748934e-10
 2.46143458e-07 5.66021674e-09]"
8765,resnet,bird,"[6.8573245e-09 6.2091067e-07 9.9985540e-01 1.0929674e-05 1.2180353e-04
 9.6130698e-06 5.6821847e-07 4.7330457e-07 1.7871179e-07 3.0869001e-07]"
9826,resnet,airplane,"[9.9699843e-01 4.0897996e-09 3.0010068e-03 2.7017388e-09 4.4130115e-07
 8.8676072e-12 9.5943997e-10 3.8528167e-11 6.1843392e-10 7.6807034e-08]"
4318,resnet,automobile,"[6.6373889e-09 9.9999058e-01 6.6167729e-09 1.3478336e-07 4.3790123e-09
 8.1464063e-10 4.9055706e-09 1.5541509e-08 4.7964872e-09 9.3021235e-06]"
7583,resnet,truck,"[2.9384051e-09 4.6390137e-01 3.2424420e-08 1.5546401e-08 2.0917817e-08
 9.9065591e-09 3.3157907e-08 4.9225641e-09 1.2990415e-07 5.3609836e-01]"
3285,resnet,airplane,"[9.9721426e-01 1.0304407e-03 2.1182625e-07 1.4490049e-04 1.0934064e-06
 4.9884130e-07 1.1853431e-06 2.5031925e-04 4.1173861e-04 9.4535568e-04]"
3408,resnet,bird,"[5.7771422e-07 2.4112873e-10 6.1598736e-01 4.9313598e-10 1.6732542e-09
 1.6778211e-09 3.8401213e-01 6.6398796e-11 4.4760395e-10 1.8618239e-10]"
6467,resnet,cat,"[2.1725638e-08 4.3021876e-07 4.4363271e-04 9.4810444e-01 1.4075973e-04
 6.4974977e-04 5.0648410e-02 3.0504401e-07 1.1350314e-07 1.2090059e-05]"
4426,resnet,airplane,"[7.8382534e-01 8.1995620e-07 2.1616234e-01 1.1327905e-05 7.4823081e-09
 2.6777127e-09 7.7621931e-10 5.5829222e-08 3.3367812e-08 1.2936853e-08]"
2095,resnet,airplane,"[9.9939227e-01 3.2575602e-09 5.3628586e-04 1.0662184e-07 3.8127075e-07
 5.6608047e-07 8.8532822e-08 7.0211958e-05 6.3483220e-08 2.6986571e-08]"
6029,resnet,bird,"[2.1535492e-05 2.2054872e-11 9.9997842e-01 1.2137585e-10 1.2233168e-08
 1.2829904e-13 1.2538003e-10 5.0436075e-11 6.9685535e-11 1.2440342e-09]"
825,resnet,cat,"[7.3322004e-10 3.0301782e-11 5.8164910e-13 9.9812275e-01 8.5294113e-07
 1.8762506e-03 4.7962132e-08 2.7406859e-09 3.4864453e-10 6.7308692e-10]"
9423,resnet,deer,"[7.3800540e-05 1.2579613e-06 2.0353630e-01 2.8748044e-08 7.8741193e-01
 8.0879370e-05 4.5581157e-07 1.3706074e-03 7.5206766e-03 4.0894683e-06]"
9070,resnet,bird,"[3.07963818e-01 3.78694835e-06 6.91012800e-01 1.10442095e-07
 2.47325236e-08 5.80270637e-07 1.01846794e-03 2.86443139e-07
 1.48207180e-09 5.40006084e-08]"
3342,resnet,ship,"[7.98560586e-03 1.12746515e-04 9.64481114e-06 6.64028050e-07
 4.18300897e-06 2.21383652e-06 2.50759331e-06 3.68981200e-05
 9.91841197e-01 4.37023118e-06]"
7743,resnet,dog,"[3.96283856e-03 3.87856671e-05 2.39946621e-06 1.18606240e-02
 1.00459764e-03 7.56120205e-01 2.05068463e-05 2.26816058e-01
 7.01989557e-05 1.03740305e-04]"
8388,resnet,airplane,"[9.9990928e-01 2.6501348e-05 1.2718632e-08 6.5336089e-08 1.1087640e-07
 6.8210930e-08 4.9835030e-08 4.2351337e-05 2.9681999e-07 2.1198472e-05]"
5401,resnet,airplane,"[6.9802719e-01 1.7825748e-06 1.4355092e-01 5.8750096e-08 6.8437636e-02
 1.5398722e-06 2.0993492e-04 1.2443691e-04 1.7885571e-02 7.1760915e-02]"
7013,resnet,automobile,"[3.7608086e-07 9.9275756e-01 9.7225303e-09 4.8192316e-08 2.3706287e-08
 3.9522411e-06 2.4097183e-06 2.7271113e-07 3.0061701e-06 7.2322967e-03]"
6241,resnet,airplane,"[9.9578309e-01 4.9692688e-05 5.1781207e-08 5.8904889e-06 1.6659557e-09
 1.3798095e-05 9.9181940e-05 8.8117588e-08 4.0468201e-03 1.4534889e-06]"
8736,resnet,dog,"[5.7794370e-08 9.0314046e-08 1.9715773e-09 7.0033153e-03 2.7826102e-06
 9.9299204e-01 1.8687930e-07 1.4751521e-06 1.4170983e-08 2.0389407e-08]"
846,resnet,dog,"[7.3901930e-07 1.3060449e-05 5.8104988e-02 6.7529095e-07 2.2034635e-04
 9.4143283e-01 1.2556788e-04 9.7543489e-05 1.1838531e-06 3.0674883e-06]"
9638,resnet,bird,"[4.2966622e-07 1.8265785e-08 9.9938333e-01 1.8692839e-07 4.9221748e-05
 5.6657562e-04 2.1879334e-09 1.8959362e-07 1.2816770e-09 2.0005560e-08]"
8603,resnet,automobile,"[1.6306540e-08 9.9979228e-01 1.1042930e-11 9.1624193e-09 3.9831569e-11
 3.8646272e-07 4.9092380e-10 5.3283783e-10 2.3597499e-10 2.0733351e-04]"
2357,resnet,automobile,"[1.42882445e-05 9.77055967e-01 2.32147794e-08 1.19577184e-08
 1.27617511e-07 5.32798916e-09 2.99175547e-08 2.26372350e-02
 2.31776503e-05 2.69170880e-04]"
3897,resnet,airplane,"[9.5812088e-01 5.1748707e-08 1.3281419e-05 1.1227619e-08 9.0760159e-06
 6.4515384e-09 7.0596776e-08 6.3997118e-06 3.4862242e-05 4.1815329e-02]"
8960,resnet,bird,"[7.3340845e-05 5.0320899e-08 9.9990702e-01 1.1978639e-05 4.6862652e-08
 5.2294231e-06 9.1288070e-09 1.7131343e-06 5.0670201e-07 9.5792558e-08]"
8860,resnet,bird,"[8.37825462e-02 6.78652725e-08 9.16150868e-01 5.37812994e-05
 1.02959085e-07 2.09503472e-08 1.77791179e-07 3.30687453e-06
 8.78462288e-06 2.56277247e-07]"
249,resnet,airplane,"[9.9923742e-01 4.1745334e-08 2.1466639e-04 1.4471056e-05 5.3239294e-04
 9.0659427e-08 7.1920375e-08 2.4483356e-08 7.6555744e-07 5.1787289e-08]"
9003,resnet,automobile,"[9.9881436e-07 9.9348599e-01 6.0135944e-06 3.4320387e-03 2.7007819e-03
 1.1826261e-07 1.2025214e-06 5.4903597e-09 2.2721920e-07 3.7257091e-04]"
4611,resnet,truck,"[1.0153697e-03 4.4510013e-01 5.5809876e-05 2.3956544e-04 7.6255233e-06
 1.9537560e-05 1.2011972e-05 8.3717174e-04 5.1908824e-04 5.5219364e-01]"
641,resnet,frog,"[3.1925993e-06 9.2110371e-05 3.7001225e-06 1.3116104e-04 7.0915262e-06
 1.0055927e-06 9.9958938e-01 3.0741938e-07 1.6379861e-04 8.2404949e-06]"
7893,resnet,ship,"[9.2319851e-08 4.4413615e-02 4.3588665e-07 4.4144261e-07 6.5349650e-09
 4.0456911e-08 2.7733491e-04 9.4675322e-08 9.5527470e-01 3.3262688e-05]"
5543,resnet,airplane,"[9.9341547e-01 2.5968038e-08 6.5807062e-03 2.4524481e-06 1.6024579e-07
 5.3880861e-10 1.2580614e-06 4.1262712e-08 8.9181409e-09 9.5296846e-09]"
9755,resnet,cat,"[1.8943604e-06 2.0852191e-05 3.1483543e-04 5.9864157e-01 1.5348199e-04
 4.0447726e-03 2.1631660e-01 1.8013459e-01 3.9106544e-07 3.7095582e-04]"
7221,resnet,horse,"[1.2875967e-07 6.1313521e-08 2.3534919e-07 7.2198021e-03 4.6054443e-05
 1.8626481e-02 2.7457489e-07 9.7410190e-01 6.3197382e-07 4.5253541e-06]"
3779,resnet,airplane,"[9.9999988e-01 7.1878464e-10 9.3769458e-08 3.0658320e-08 1.9513333e-10
 5.7627198e-11 1.6575815e-11 7.0318207e-10 1.1938816e-11 2.3356339e-08]"
7051,resnet,cat,"[4.2686832e-09 1.0409362e-10 2.7232583e-09 9.9786109e-01 1.8118477e-03
 3.2700790e-04 2.1218943e-10 1.2630098e-09 1.1637088e-11 2.7664321e-10]"
8389,resnet,bird,"[9.4015439e-07 1.4259283e-01 8.5716993e-01 3.3890180e-06 4.6715670e-08
 3.5651090e-06 3.1932649e-07 1.0426693e-05 4.8310778e-08 2.1837828e-04]"
4113,resnet,airplane,"[9.9019939e-01 3.6254488e-07 9.7963149e-03 1.6016816e-07 7.6917814e-07
 2.2361253e-09 7.3698743e-08 1.1101561e-07 2.6095638e-06 1.6665800e-07]"
8037,resnet,automobile,"[1.9619290e-05 6.0629219e-01 3.6886590e-08 7.4460291e-07 6.4791465e-08
 4.8259995e-08 1.3896527e-05 3.5694475e-06 3.9352304e-01 1.4674726e-04]"
4359,resnet,airplane,"[7.5425959e-01 2.0897573e-06 2.4555133e-01 4.3520731e-06 1.4245689e-04
 1.2752228e-06 1.3778292e-07 3.4919922e-05 1.2132364e-06 2.7767894e-06]"
6240,resnet,bird,"[4.6301376e-02 3.9243052e-04 9.5039779e-01 1.3403202e-06 2.5418537e-06
 4.9825211e-04 1.4758132e-03 3.3111137e-04 8.7925546e-06 5.9057504e-04]"
6789,resnet,automobile,"[1.8261372e-01 8.1738281e-01 3.1152322e-08 1.9151607e-07 1.0005635e-08
 4.8213207e-09 4.2793516e-07 2.3743765e-09 2.3746472e-06 3.1447792e-07]"
7577,resnet,automobile,"[2.7702376e-07 9.9970490e-01 2.5976155e-08 8.2208294e-07 4.9786514e-10
 8.9375680e-09 2.3300647e-08 3.2045617e-09 8.9664076e-07 2.9298285e-04]"
5079,resnet,automobile,"[5.6026975e-06 5.0857151e-01 1.8044157e-05 6.2320743e-07 6.4270569e-07
 5.7789333e-07 4.4024102e-07 1.1727848e-07 1.6424732e-06 4.9140084e-01]"
5753,resnet,bird,"[1.7787999e-05 9.7467118e-06 5.4687065e-01 4.8067395e-02 3.8245142e-01
 1.5907155e-04 2.0261200e-03 2.0315124e-02 3.6847290e-05 4.5796838e-05]"
4219,resnet,airplane,"[8.3586973e-01 1.6407456e-01 2.5424588e-06 1.2125413e-07 6.5408642e-08
 3.6961894e-09 8.6009131e-06 1.4692538e-08 1.9341998e-05 2.5041365e-05]"
1514,resnet,airplane,"[9.9846679e-01 5.9742028e-06 6.0352479e-04 3.9352596e-08 3.1907021e-08
 1.2430984e-07 8.9255982e-04 8.7105700e-06 9.0752764e-08 2.2222974e-05]"
1474,resnet,automobile,"[4.4361592e-04 5.3090411e-01 2.7599836e-09 4.6852124e-01 2.1429891e-07
 1.7497700e-06 6.4612522e-07 2.2441923e-06 2.2598111e-07 1.2593185e-04]"
9746,resnet,airplane,"[6.0148275e-01 1.8392973e-02 2.0564294e-03 3.6025557e-01 1.7286073e-04
 3.1957363e-05 9.5269221e-05 1.6149255e-02 5.5139861e-04 8.1150659e-04]"
9573,resnet,dog,"[2.8337273e-09 2.0720372e-09 1.7130571e-04 1.9131503e-06 4.5348806e-08
 9.9976939e-01 4.6271000e-09 5.7344394e-05 5.3555799e-11 1.4125773e-10]"
7209,resnet,airplane,"[9.8194581e-01 2.3763900e-07 1.8047594e-02 3.5130602e-06 2.0555401e-08
 1.2528148e-08 1.2216224e-06 1.5370009e-06 2.8475318e-09 5.7811686e-08]"
2274,resnet,truck,"[5.3570757e-06 1.7775746e-02 1.2335805e-10 1.4386006e-07 3.3342920e-09
 4.4415907e-10 1.0996104e-09 1.3719561e-08 2.1288569e-09 9.8221880e-01]"
6508,resnet,airplane,"[9.9999452e-01 8.4028411e-13 7.4676187e-08 4.2997363e-11 5.3501931e-06
 3.1840663e-12 1.4323573e-12 1.3053090e-11 1.3620045e-09 1.1407524e-10]"
9987,resnet,airplane,"[9.9961424e-01 1.3213913e-09 5.0684066e-09 2.5251010e-10 7.5232940e-09
 1.6071573e-09 3.2817568e-11 1.6950195e-11 3.8568286e-04 4.9579968e-10]"
9172,resnet,airplane,"[9.9947184e-01 1.2274007e-06 2.8040072e-08 5.2065897e-04 4.1419339e-09
 9.8309076e-09 7.2252426e-08 1.1118545e-06 3.9335578e-07 4.5933489e-06]"
5394,resnet,automobile,"[8.3688218e-07 9.9960452e-01 3.2995280e-09 9.9095971e-08 2.2494775e-09
 4.4443699e-10 2.7456895e-07 3.0637110e-10 4.1917961e-08 3.9422378e-04]"
6770,resnet,automobile,"[7.4128753e-10 9.9996185e-01 5.8811514e-07 4.2943020e-07 4.6149337e-10
 1.9820884e-05 1.1700523e-09 8.7949097e-08 3.7414132e-08 1.7249429e-05]"
4221,resnet,airplane,"[9.9999690e-01 2.5695266e-09 3.0622259e-06 3.6289894e-08 2.8361932e-10
 1.0698512e-10 8.2306872e-10 2.0711215e-09 6.1470412e-10 1.9875798e-10]"
5185,resnet,cat,"[1.8451820e-03 3.0519128e-01 5.0346144e-03 4.5769787e-01 2.2925212e-06
 1.4442323e-04 4.3570676e-06 7.0578171e-05 1.5712988e-02 2.1429631e-01]"
3895,resnet,dog,"[9.2026149e-04 1.4676644e-01 9.1729626e-06 7.4634713e-06 5.3870329e-03
 5.4053307e-01 4.8121870e-05 1.7934357e-03 3.0400172e-01 5.3331093e-04]"
5735,resnet,airplane,"[9.9920160e-01 7.5058615e-08 1.2426857e-04 8.9180062e-08 1.3107920e-07
 6.7231667e-07 3.0203571e-05 6.3979689e-07 3.1560851e-04 3.2673005e-04]"
2937,resnet,frog,"[4.3277694e-08 6.0779894e-06 1.4128203e-07 7.6609869e-03 2.1135578e-10
 1.7151746e-03 9.9061722e-01 3.9958202e-08 3.3083595e-07 3.1795295e-08]"
4515,resnet,airplane,"[8.6533451e-01 1.6639663e-07 1.7626242e-04 1.3422978e-01 9.8973260e-06
 4.5806690e-05 8.9718123e-06 1.2765807e-04 2.7980886e-07 6.6653934e-05]"
1852,resnet,airplane,"[9.6360517e-01 1.6023780e-05 3.6276985e-02 9.1117249e-07 5.8877283e-08
 6.6598914e-06 7.1494163e-08 2.5750714e-06 1.2458236e-07 9.1285903e-05]"
6201,resnet,bird,"[7.4705340e-06 1.3612822e-04 7.2569811e-01 5.5963859e-02 8.1257231e-06
 2.0714757e-01 1.0518703e-02 3.6491573e-04 1.4743724e-04 7.6681999e-06]"
391,resnet,bird,"[7.1607325e-12 4.0946291e-14 1.0000000e+00 2.1851729e-14 7.6011815e-14
 1.9841096e-13 4.3289658e-14 3.3997520e-13 1.3341608e-13 3.8190479e-13]"
1709,resnet,bird,"[1.6512791e-07 1.6657000e-04 6.2102854e-01 2.7553187e-05 3.7337813e-05
 1.0773573e-05 3.7779531e-01 3.6938040e-08 2.4211820e-07 9.3337771e-04]"
8606,resnet,dog,"[1.0452880e-05 1.3641384e-01 1.8713485e-05 1.6340507e-05 6.1524775e-06
 8.4262633e-01 9.4098978e-05 3.5297032e-03 5.5713824e-04 1.6727336e-02]"
9137,resnet,airplane,"[9.9999928e-01 3.6499535e-09 3.8325105e-08 2.1304571e-09 3.9350049e-08
 6.1228543e-11 3.6683456e-08 5.8419783e-07 7.1121782e-11 7.7898982e-10]"
1408,resnet,truck,"[3.8598827e-08 2.9967776e-02 1.1139379e-09 2.0540710e-07 1.3513266e-10
 3.1942292e-08 3.8348883e-08 2.4158622e-05 5.1216546e-08 9.7000778e-01]"
6081,resnet,airplane,"[9.99437988e-01 1.32127627e-06 2.80012983e-07 7.84597887e-07
 2.10180943e-07 2.33104718e-08 5.59311069e-04 1.15709256e-08
 9.64083835e-09 6.14042195e-09]"
7609,resnet,automobile,"[9.1896720e-02 8.8828063e-01 4.2031793e-06 1.7756032e-03 5.8811955e-05
 6.8788962e-05 3.1026397e-04 8.5635588e-04 1.0422507e-03 1.5706383e-02]"
84,resnet,cat,"[4.4652379e-06 3.9207098e-06 4.4433668e-07 9.8667985e-01 7.6258874e-07
 1.3308991e-02 1.3401136e-07 1.2344593e-06 2.2551563e-07 1.4318127e-07]"
9841,resnet,airplane,"[9.05832648e-01 3.02369926e-07 1.22296379e-03 9.29140449e-02
 1.02464695e-08 1.74815940e-09 9.83468794e-07 4.53088767e-09
 2.89182881e-05 1.03593202e-07]"
3129,resnet,dog,"[2.4918210e-08 3.1349170e-09 1.1613593e-13 3.0075425e-02 3.0645404e-09
 9.6992356e-01 2.3724683e-10 1.0611459e-06 5.4690059e-12 3.3872123e-08]"
6084,resnet,automobile,"[1.9006338e-11 9.9995625e-01 6.0740835e-12 6.2363759e-10 1.2831750e-09
 1.2046936e-09 1.1936679e-07 2.0140400e-10 4.6610541e-08 4.3598113e-05]"
7775,resnet,bird,"[8.5905651e-07 1.5284252e-06 9.9947649e-01 7.8888617e-05 6.6801221e-08
 5.0232366e-06 1.8356475e-05 2.5673024e-04 3.0550260e-07 1.6168378e-04]"
9577,resnet,airplane,"[9.9999988e-01 6.6044492e-10 1.1372939e-09 1.1946084e-07 1.0143368e-10
 4.6329646e-12 9.8411210e-11 3.5563184e-12 4.6087254e-09 3.0162588e-11]"
9427,resnet,automobile,"[1.9696637e-03 9.6426314e-01 7.6051396e-07 1.5753609e-07 5.6844954e-08
 9.5183141e-06 3.3733144e-02 1.9402200e-05 3.4831339e-06 7.0229544e-07]"
3725,resnet,cat,"[3.9441111e-05 1.8539860e-05 1.7254195e-01 8.2739526e-01 4.3361748e-08
 1.1480831e-07 6.0160073e-07 1.0130145e-07 3.6787931e-08 3.9195825e-06]"
1229,resnet,automobile,"[6.8358191e-10 9.9999738e-01 7.6188025e-09 7.9454230e-09 1.1159642e-09
 4.3985375e-09 3.6302858e-08 5.8275795e-10 5.2146756e-08 2.5339930e-06]"
2576,resnet,bird,"[4.43689896e-06 3.83777660e-06 9.87875640e-01 2.80750319e-05
 2.30343812e-06 1.20696081e-02 9.98821270e-06 2.23848065e-06
 1.14628506e-07 3.82878397e-06]"
1597,resnet,dog,"[6.0048296e-06 4.8303500e-05 6.1183542e-08 4.7453558e-01 1.0314534e-02
 5.0687581e-01 1.2424178e-07 8.2188072e-03 1.7393405e-07 6.5723646e-07]"
8404,resnet,deer,"[1.0658327e-02 1.7315728e-05 1.3013062e-01 6.1645046e-08 8.5112745e-01
 9.9595718e-09 2.5359290e-03 5.4602022e-03 6.7264577e-05 2.9215053e-06]"
9059,resnet,cat,"[2.0724544e-08 2.5990192e-04 8.7260548e-03 9.7899950e-01 9.3600157e-08
 1.1757436e-02 2.0250989e-04 4.1207187e-08 5.4440177e-05 7.0536764e-08]"
2461,resnet,airplane,"[9.8668951e-01 1.4716510e-10 1.3310333e-02 9.0871076e-08 2.8669911e-09
 4.7677307e-10 2.0379328e-08 1.1328760e-10 2.8587364e-08 1.0216880e-09]"
4434,resnet,bird,"[7.6062549e-03 5.5019961e-10 9.9239373e-01 4.4753673e-11 2.1354082e-10
 2.9601935e-11 2.1058104e-09 1.3718075e-08 2.1244345e-11 1.2101905e-09]"
9016,resnet,automobile,"[1.8103034e-07 9.9994636e-01 1.2558627e-08 6.9041567e-10 4.5168349e-09
 1.8349706e-08 2.1624589e-07 4.5585602e-09 4.9992036e-07 5.2781077e-05]"
2289,resnet,truck,"[7.5157836e-09 2.3969236e-01 2.4329805e-10 1.4355427e-07 3.8450931e-08
 5.6250826e-08 2.9679441e-08 1.5853742e-09 1.7085032e-08 7.6030737e-01]"
6196,resnet,dog,"[2.7553257e-08 5.7131274e-08 4.7597297e-07 4.3373978e-01 4.1766714e-07
 5.6625819e-01 4.5339696e-08 3.5507443e-07 5.2079497e-07 1.3927171e-07]"
9576,resnet,cat,"[8.1337450e-05 4.4492066e-02 3.9180675e-05 8.8462073e-01 2.6116064e-03
 1.6005040e-05 1.0900379e-06 6.7641214e-02 3.5360435e-04 1.4328565e-04]"
5701,resnet,automobile,"[5.19109308e-05 6.21030748e-01 9.72386374e-07 3.16777915e-01
 1.15489274e-04 3.23738484e-03 5.35376967e-06 7.68257996e-06
 1.01886475e-02 4.85839173e-02]"
5381,resnet,dog,"[1.5093846e-07 2.2601485e-07 5.7923202e-08 3.7614223e-02 1.9225897e-07
 9.6236640e-01 3.1704826e-07 1.5570809e-05 2.7967101e-06 3.9505846e-08]"
9626,resnet,automobile,"[1.89385190e-07 7.94608057e-01 1.06253668e-04 3.58766698e-07
 8.32346632e-05 3.31477781e-06 4.63075849e-05 1.13973265e-05
 1.61016043e-02 1.89039305e-01]"
9639,resnet,deer,"[1.01166805e-02 2.50858830e-05 1.88552201e-01 5.70607521e-02
 3.26910585e-01 2.05619097e-01 2.58582859e-05 2.11576760e-01
 5.27910634e-05 6.01729662e-05]"
7283,resnet,deer,"[1.3693718e-08 1.4973946e-08 3.0115984e-07 6.6625974e-03 9.9330515e-01
 8.4663816e-07 1.4923380e-06 6.4016945e-06 8.3882475e-07 2.2412596e-05]"
5232,resnet,horse,"[1.4746203e-10 1.0198242e-09 9.0216716e-11 9.2349376e-07 4.3189350e-09
 5.8689839e-06 9.6172029e-13 9.9999309e-01 1.2713075e-12 1.1331669e-07]"
9592,resnet,automobile,"[1.6727468e-09 9.9997962e-01 6.7274614e-10 5.2249270e-08 1.7150691e-09
 6.5234840e-06 1.4222491e-09 4.2824973e-07 1.1313234e-09 1.3327071e-05]"
8594,resnet,cat,"[8.7141738e-10 3.3735363e-09 2.0006193e-05 9.9997604e-01 6.8895133e-07
 9.2163918e-07 1.9936895e-06 3.9583071e-07 4.7310169e-09 2.3802662e-09]"
1479,resnet,truck,"[7.5606178e-05 4.7215910e-04 1.6346119e-02 5.0287075e-02 7.1382202e-04
 1.7537668e-06 5.9551781e-04 1.4651846e-04 1.8060791e-01 7.5075352e-01]"
4438,resnet,cat,"[2.7475570e-08 2.0203574e-04 9.3385734e-02 8.6270589e-01 8.8915265e-05
 5.9057825e-04 3.3521614e-05 1.4127454e-06 8.8224532e-08 4.2991757e-02]"
4553,resnet,deer,"[1.2331515e-05 7.1699276e-07 7.2998629e-10 1.9075060e-02 9.8090047e-01
 4.4353226e-07 3.9447503e-08 9.4953548e-06 1.2626289e-06 2.4800121e-07]"
9974,resnet,automobile,"[3.4213080e-08 9.9239856e-01 3.1495791e-08 1.6498108e-06 3.0388449e-08
 1.9502728e-08 1.9678422e-08 2.8944752e-08 2.7336318e-08 7.5996495e-03]"
7928,resnet,bird,"[4.2166971e-03 9.1999638e-08 9.9577999e-01 4.7698297e-08 3.6784661e-07
 2.6202772e-06 9.7986117e-09 9.2415398e-08 3.1218605e-08 8.5490328e-08]"
8338,resnet,cat,"[1.8996786e-02 1.9744471e-04 7.3681781e-06 9.7592461e-01 1.1482724e-07
 1.2655015e-03 1.7964691e-06 4.9060798e-04 2.7398760e-06 3.1129245e-03]"
1949,resnet,airplane,"[8.2194757e-01 2.3494016e-08 1.7796779e-01 6.3645658e-09 1.9332399e-06
 1.8708968e-11 7.2121670e-06 5.9244787e-05 9.4651995e-08 1.6077034e-05]"
8829,resnet,airplane,"[9.5781970e-01 8.0449799e-06 1.9614691e-07 3.6949832e-06 2.2709553e-06
 4.2117104e-02 1.6629873e-07 3.8522699e-05 3.6273639e-06 6.6262974e-06]"
7450,resnet,automobile,"[2.7075524e-09 9.9999976e-01 2.6274575e-11 3.3577920e-09 1.2296995e-11
 1.9970857e-10 5.6522577e-12 5.9398072e-12 5.1442434e-11 2.7481062e-07]"
5483,resnet,truck,"[1.0736324e-09 5.2274998e-02 1.4326473e-10 3.9961353e-08 3.6730462e-11
 4.4069020e-06 1.8792803e-09 2.0996831e-06 1.3168453e-07 9.4771838e-01]"
4269,resnet,airplane,"[9.9954683e-01 1.6545373e-08 4.0674128e-04 1.4478028e-08 1.6568395e-08
 2.5702618e-09 7.1401066e-11 4.3354714e-05 1.5266958e-06 1.4148311e-06]"
9336,resnet,dog,"[2.1187791e-13 9.2574169e-12 4.5455621e-13 2.2678093e-07 1.4286220e-11
 9.9999976e-01 1.7911896e-11 5.1487420e-10 6.1583263e-13 1.9293912e-13]"
2080,resnet,truck,"[7.6657003e-08 3.5282644e-03 1.9998204e-08 5.6711200e-09 5.4746656e-09
 1.0788345e-08 8.4863014e-09 1.2749024e-08 1.0181741e-07 9.9647152e-01]"
9170,resnet,truck,"[4.8489310e-04 1.5883040e-11 3.3431240e-09 2.7115044e-07 1.3077012e-09
 1.3911057e-10 3.3664421e-12 1.4636540e-09 1.7259328e-08 9.9951482e-01]"
9392,resnet,airplane,"[5.6164759e-01 1.6833092e-05 3.4426776e-04 6.5966184e-08 6.4257443e-07
 4.8149144e-05 8.7733162e-05 1.5615961e-03 1.8298680e-06 4.3629131e-01]"
5318,resnet,airplane,"[9.9031091e-01 5.6671617e-03 4.3229815e-09 4.3634654e-07 7.0649420e-09
 7.9800389e-11 7.6733711e-05 5.9779615e-10 3.9433264e-03 1.4330618e-06]"
5597,resnet,ship,"[1.6971727e-06 4.7266859e-04 1.8650544e-05 1.3668636e-06 2.0360683e-07
 2.6642306e-06 9.0829722e-08 7.4562381e-06 9.9949455e-01 6.5037284e-07]"
6340,resnet,bird,"[2.4482376e-06 7.5468197e-05 6.7779964e-01 3.1756637e-01 4.8235430e-05
 2.4284732e-03 1.1805268e-03 2.9083833e-04 5.9986551e-04 8.1847829e-06]"
2681,resnet,airplane,"[7.41450131e-01 1.05799502e-03 3.53475625e-05 2.84126963e-05
 8.25131849e-07 1.11097016e-07 2.73869286e-04 3.24843277e-05
 2.57109106e-01 1.17629124e-05]"
8850,resnet,truck,"[4.9440205e-11 1.9855038e-06 1.2595372e-13 2.7420483e-11 2.0977745e-15
 7.8255273e-13 1.8436429e-12 6.7964948e-14 3.0808145e-12 9.9999797e-01]"
3601,resnet,horse,"[8.98566321e-02 1.15847775e-04 2.69062514e-03 4.40180957e-05
 1.27908811e-02 3.30624744e-06 5.35627420e-04 8.93868089e-01
 4.79647451e-06 9.01644453e-05]"
281,resnet,automobile,"[3.8934743e-01 6.1047089e-01 1.8217921e-08 3.1605587e-08 3.0294882e-09
 8.7771408e-09 1.5809482e-04 2.1863466e-08 6.9529083e-06 1.6540573e-05]"
2322,resnet,airplane,"[9.6155483e-01 2.8887975e-08 3.8361527e-02 8.1225633e-05 4.3150145e-08
 1.7507821e-07 2.1828739e-06 1.4895007e-08 1.8046100e-09 5.0443010e-08]"
5439,resnet,automobile,"[1.2724336e-08 9.7008866e-01 1.6583511e-08 5.8050692e-10 3.3920075e-10
 4.8736098e-07 1.4216232e-07 6.5044241e-09 6.7107464e-08 2.9910712e-02]"
2038,resnet,cat,"[1.6645085e-04 8.0665188e-07 4.6090496e-04 9.9936599e-01 6.0298554e-08
 1.8480654e-06 3.9566867e-06 1.1776889e-08 3.6441392e-08 1.5728040e-09]"
5995,resnet,airplane,"[9.56260979e-01 2.64444207e-05 4.33078930e-02 6.08180244e-07
 9.11578923e-07 4.65483254e-07 5.26477879e-06 1.61588236e-04
 2.23607640e-04 1.22054125e-05]"
2160,resnet,airplane,"[8.9518636e-01 1.0472313e-01 7.1976547e-07 1.5397529e-07 1.4340671e-06
 1.4759011e-08 3.7026808e-08 7.3982324e-07 1.1807126e-05 7.5605356e-05]"
5899,resnet,automobile,"[6.7435786e-11 9.9997735e-01 1.7462411e-10 1.8979405e-09 1.6545616e-12
 5.3003923e-10 3.8615178e-09 3.8956772e-11 2.2123464e-05 4.9999312e-07]"
8987,resnet,bird,"[1.4179671e-04 2.4808123e-05 7.4438262e-01 2.4908063e-01 3.2352361e-06
 4.3184706e-03 1.9020687e-05 1.8484802e-03 1.7178958e-05 1.6372910e-04]"
5327,resnet,airplane,"[6.9905245e-01 8.4551386e-05 4.2589977e-07 2.5398788e-01 2.7459766e-05
 4.6755053e-02 6.2893560e-05 1.6403458e-06 8.3856012e-06 1.9174047e-05]"
5124,resnet,airplane,"[9.9988031e-01 7.1914757e-05 4.6957740e-09 8.1746492e-07 2.5940357e-08
 4.0586617e-10 1.6275464e-09 3.1886135e-08 1.5814970e-07 4.6754700e-05]"
5525,resnet,bird,"[8.6811977e-03 1.7714169e-03 9.6823645e-01 1.8930275e-02 1.3633684e-04
 4.7745652e-04 5.1678062e-06 1.1785430e-03 2.7804225e-04 3.0504254e-04]"
4157,resnet,bird,"[2.2765099e-01 9.9415875e-06 6.9844532e-01 4.5924243e-02 9.8883000e-09
 1.4825316e-07 4.4993567e-06 3.2337384e-06 2.3541692e-05 2.7937997e-02]"
9253,resnet,airplane,"[9.6330142e-01 5.9827539e-06 3.2257985e-02 6.9040099e-05 7.8548837e-05
 2.0830855e-06 2.7172376e-07 3.6893965e-07 4.2512780e-03 3.3011987e-05]"
8284,resnet,frog,"[1.6662170e-03 1.1597643e-05 1.3119774e-02 1.7588917e-06 4.7432136e-02
 6.1815404e-06 9.1977465e-01 6.3358765e-04 7.2748917e-03 1.0079144e-02]"
1208,resnet,cat,"[1.4902593e-08 4.5178717e-06 5.2583546e-06 5.3763407e-01 4.2323390e-07
 1.7477623e-05 1.6457138e-08 1.4502965e-07 2.2503962e-06 4.6233585e-01]"
3587,resnet,horse,"[4.0301114e-01 6.9295359e-04 3.8627732e-06 2.2088998e-05 6.8090893e-09
 1.7025218e-04 3.7013975e-04 5.9571922e-01 6.1591805e-08 1.0322777e-05]"
4461,resnet,airplane,"[9.9728298e-01 4.7573067e-08 5.9193928e-07 3.2111452e-10 1.1566211e-08
 5.3528533e-09 1.0496582e-08 1.6487375e-07 2.7663427e-05 2.6885082e-03]"
986,resnet,cat,"[5.8888547e-09 9.7292348e-12 3.5669727e-12 9.1293675e-01 1.4430296e-07
 8.7062910e-02 3.6676434e-12 2.2047560e-07 1.3542737e-11 7.4459596e-12]"
8845,resnet,deer,"[3.5865993e-05 1.9114779e-05 3.2819837e-01 4.5465987e-07 6.7167479e-01
 2.0579633e-05 1.4269610e-05 2.5153717e-05 1.1038325e-07 1.1237524e-05]"
2045,resnet,automobile,"[1.8920321e-07 9.9996066e-01 7.8807266e-10 1.2315258e-09 8.5757797e-11
 3.1955306e-08 1.8437783e-08 2.8571437e-06 9.5555220e-07 3.5285371e-05]"
8970,resnet,airplane,"[8.9089799e-01 3.4020309e-06 2.6972430e-06 1.4244479e-06 1.4090870e-06
 8.0033892e-08 3.8267191e-07 5.2412506e-05 1.0205053e-01 6.9896509e-03]"
1382,resnet,airplane,"[5.9355819e-01 2.3599089e-08 4.0644023e-01 3.5195802e-09 6.9417396e-09
 7.6068951e-10 9.5721396e-07 1.9708143e-07 4.8799808e-07 3.4697777e-08]"
6393,resnet,bird,"[6.3275067e-08 7.2794862e-08 9.9977952e-01 1.5471158e-04 6.1539453e-08
 6.5580767e-05 1.3080176e-09 4.3412340e-09 9.3497325e-09 3.9479975e-10]"
4546,resnet,airplane,"[9.9996066e-01 1.1191631e-09 1.5410494e-07 3.9171267e-05 4.1754078e-10
 1.8051476e-10 8.9572634e-09 9.1363994e-10 2.0097117e-11 1.3782847e-11]"
1749,resnet,bird,"[2.5078751e-07 2.1742666e-03 8.6716616e-01 1.2777741e-01 2.2466216e-07
 2.1694810e-03 5.9931312e-04 1.5301690e-07 3.3464207e-08 1.1264004e-04]"
8925,resnet,cat,"[8.9358993e-02 1.1455045e-06 2.6792925e-04 8.8736224e-01 9.6039403e-06
 1.3002504e-08 2.5138893e-04 3.2307972e-07 2.2741659e-02 6.7603492e-06]"
6648,resnet,airplane,"[9.9978036e-01 6.0291728e-07 8.9852745e-07 7.3863005e-09 9.5321298e-07
 1.9576338e-09 3.7165952e-07 6.6318756e-07 2.1604523e-04 1.6812225e-08]"
6593,resnet,airplane,"[9.9713898e-01 1.9883419e-08 2.8608013e-03 5.1032934e-08 1.2381351e-10
 5.4112248e-09 1.3594034e-07 4.5544599e-08 1.2265243e-09 2.2544880e-08]"
6488,resnet,airplane,"[9.9391198e-01 4.4595316e-07 6.0354276e-03 1.4008938e-07 6.5689953e-08
 9.9195914e-09 7.8884460e-07 2.9428293e-07 2.5784930e-06 4.8179736e-05]"
1920,resnet,bird,"[8.4615281e-10 4.2363160e-07 9.9999487e-01 9.1526364e-10 4.6073733e-06
 1.8242464e-10 4.3581791e-11 1.5363616e-08 2.4791764e-09 1.6185172e-08]"
7742,resnet,airplane,"[9.9883240e-01 2.8145226e-04 6.0147859e-06 3.4964207e-05 1.1910984e-08
 1.5929805e-09 5.6821317e-04 4.0469857e-07 2.4905324e-04 2.7449767e-05]"
5516,resnet,airplane,"[9.2043531e-01 2.4858255e-07 2.1116050e-07 4.2541783e-06 9.8967382e-07
 9.3616102e-09 2.1386016e-07 2.0380112e-07 7.9343714e-02 2.1480669e-04]"
1348,resnet,cat,"[1.1716981e-04 3.9506078e-05 2.9885555e-03 9.9588603e-01 4.1990224e-06
 2.7551546e-06 1.0525475e-04 2.5924281e-04 4.7363510e-04 1.2360512e-04]"
6519,resnet,dog,"[2.2934196e-07 5.9032339e-09 4.1157222e-01 1.7169272e-05 1.6863439e-04
 5.8812308e-01 1.1804776e-04 8.5395246e-10 4.6058827e-07 1.3332286e-07]"
603,resnet,airplane,"[5.2117497e-01 2.6941583e-08 4.7548109e-01 4.4594946e-09 2.4787340e-08
 3.2952919e-03 3.9700848e-05 9.9320619e-07 7.6696679e-06 2.4596051e-07]"
2966,resnet,airplane,"[8.6081636e-01 1.9780541e-07 1.3917670e-01 4.7638270e-07 8.1752498e-09
 2.3756609e-08 6.1802403e-08 1.3570238e-07 2.2677334e-07 5.8521209e-06]"
7377,resnet,frog,"[1.3031379e-10 1.1627492e-08 2.6889003e-07 1.0356027e-04 1.0969765e-08
 1.7247992e-06 9.9989331e-01 1.3058836e-08 1.1964061e-06 8.0997289e-09]"
5970,resnet,automobile,"[1.8721835e-09 9.9998140e-01 6.4108869e-09 9.5498021e-10 7.7279405e-11
 1.1345781e-08 6.4489758e-10 8.8218527e-10 5.6998051e-10 1.8557286e-05]"
8707,resnet,airplane,"[5.1440144e-01 1.9756062e-08 4.8559842e-01 4.1048507e-09 1.6954042e-08
 3.6688316e-11 1.2781165e-08 6.3762158e-08 2.9790534e-08 9.7336454e-08]"
1020,resnet,truck,"[3.9075377e-07 4.5832860e-01 1.4658683e-06 1.3824473e-09 2.0570893e-08
 7.8330501e-08 1.5288592e-06 4.6274158e-09 9.5189080e-08 5.4166788e-01]"
8884,resnet,horse,"[1.2113112e-03 9.2368843e-08 7.0328038e-06 4.0776172e-08 4.4486153e-08
 1.2622638e-09 2.2835530e-11 9.9878126e-01 2.6267779e-07 3.1739866e-08]"
2411,resnet,airplane,"[9.8080677e-01 2.2757010e-06 2.5826619e-08 3.3931767e-07 5.6166624e-07
 1.5377390e-07 1.2666553e-05 1.6448085e-06 1.9165719e-02 9.6955509e-06]"
100,resnet,horse,"[1.2364059e-07 1.2043233e-07 5.5762860e-07 1.5452761e-07 2.2998579e-02
 1.0524069e-05 7.2933418e-08 9.7698849e-01 3.9852455e-07 9.6838551e-07]"
9917,resnet,airplane,"[6.30619526e-01 2.67826450e-09 3.68637443e-01 1.10923102e-05
 5.32246780e-08 1.40450718e-08 7.31825130e-04 1.70372481e-08
 1.22267529e-08 1.36475276e-08]"
1518,resnet,dog,"[1.19700744e-07 1.58458434e-07 3.29131041e-07 1.18238755e-01
 5.87866182e-08 8.81678820e-01 1.08464258e-06 7.08846783e-05
 9.75876810e-06 5.20586205e-08]"
2564,resnet,bird,"[1.13448975e-08 8.27813984e-10 9.99991179e-01 5.73781156e-09
 1.13742504e-09 1.53396490e-10 3.71381925e-10 8.86937505e-06
 4.38570791e-10 2.54196064e-09]"
3100,resnet,airplane,"[6.2715542e-01 4.9672965e-12 3.7284455e-01 8.7159907e-10 1.0565854e-10
 1.6928226e-11 6.5638396e-08 7.8235091e-13 1.2417135e-09 4.0179412e-11]"
9588,resnet,automobile,"[1.7190786e-08 9.9999869e-01 4.0390685e-07 1.2630915e-09 7.0993561e-10
 2.9588115e-08 6.4752152e-07 1.3784135e-07 7.9591793e-08 1.7278490e-08]"
2327,resnet,airplane,"[9.7916782e-01 1.9700618e-02 2.1222355e-04 3.1613694e-05 8.1263333e-06
 4.4375977e-08 6.0571474e-06 5.6976650e-04 2.7452351e-04 2.9208066e-05]"
7053,resnet,automobile,"[6.0570469e-09 9.9862134e-01 2.5464786e-10 2.0294129e-10 1.8100928e-10
 2.5971356e-09 1.9913528e-10 2.1378233e-07 1.2561180e-09 1.3784042e-03]"
276,resnet,airplane,"[8.0021757e-01 5.9711649e-05 4.8327149e-07 2.8681316e-07 2.2859728e-08
 8.4335090e-09 1.7395152e-07 9.7977627e-06 1.9965662e-01 5.5326669e-05]"
3772,resnet,automobile,"[9.8464862e-02 7.8937447e-01 6.5127793e-08 5.2809366e-07 1.2661170e-06
 1.0776181e-08 5.7826067e-08 2.0558554e-08 1.2998861e-02 9.9159837e-02]"
602,resnet,airplane,"[9.4085407e-01 6.7819528e-09 5.9145611e-02 1.5039447e-08 1.1839316e-09
 1.8606843e-11 2.1126222e-11 2.4410676e-09 2.8782566e-07 1.7590066e-09]"
7465,resnet,ship,"[4.3105498e-01 2.0660005e-05 2.0680671e-08 6.9045090e-09 2.7634303e-07
 1.5550257e-09 3.1692616e-07 9.7297894e-09 5.6891990e-01 3.8239768e-06]"
2344,resnet,airplane,"[9.99970436e-01 1.78086236e-06 1.84417426e-10 1.64086380e-08
 1.01111368e-07 2.73584265e-05 4.55316052e-09 1.11346194e-08
 2.05863529e-07 1.03585736e-08]"
1335,resnet,automobile,"[4.7270930e-04 8.4690386e-01 5.4456212e-04 3.9630751e-05 3.9904722e-07
 9.8684786e-06 4.3485848e-06 7.5322515e-07 3.4338860e-05 1.5198949e-01]"
9998,resnet,automobile,"[1.0466452e-04 8.1134963e-01 1.8599229e-01 1.6637374e-07 6.7070655e-06
 1.9832829e-03 5.5726955e-04 5.2091509e-06 5.8077536e-08 7.5621398e-07]"
8214,resnet,automobile,"[2.1919320e-08 9.9953783e-01 5.8320720e-10 4.2895115e-10 3.9172607e-10
 1.2669933e-10 2.1547648e-09 1.5171887e-09 4.5877435e-09 4.6216478e-04]"
9642,resnet,airplane,"[8.4713906e-01 5.5666294e-09 1.5285638e-01 1.4228149e-08 1.8474756e-06
 6.2039561e-11 2.0811115e-07 4.7499455e-08 4.6449094e-07 1.9407057e-06]"
4824,resnet,airplane,"[9.9781078e-01 4.0063018e-08 1.7348585e-08 2.6178861e-09 7.8317071e-06
 8.9752084e-10 6.4498431e-07 2.0990198e-07 2.1797973e-03 6.3619581e-07]"
8988,resnet,airplane,"[9.3509424e-01 1.6802633e-06 6.4334221e-02 1.5989674e-05 1.8966415e-05
 4.4075097e-04 2.8850664e-05 8.3213217e-06 3.9504062e-06 5.3024629e-05]"
8746,resnet,deer,"[4.7680760e-06 3.3245417e-08 4.2556508e-06 2.1722561e-04 9.9930978e-01
 3.3386363e-04 8.8882508e-08 3.2584553e-06 6.3655214e-05 6.3118838e-05]"
2857,resnet,airplane,"[9.2539966e-01 7.4364575e-06 7.4117340e-02 1.3711635e-06 1.2714848e-07
 1.1898705e-06 4.2347214e-08 4.1377728e-04 6.8185824e-07 5.8399404e-05]"
8007,resnet,automobile,"[9.2695951e-02 9.0158701e-01 2.4607464e-06 1.7406722e-06 3.0386087e-07
 2.5811601e-06 2.0712633e-04 5.2330005e-03 1.5484540e-07 2.6969140e-04]"
6062,resnet,deer,"[7.1162054e-10 1.9591491e-08 4.2131624e-06 3.8263563e-04 9.9959034e-01
 1.5210732e-05 6.5478466e-06 1.1075222e-06 2.1834834e-09 3.0169021e-09]"
2199,resnet,bird,"[1.44082915e-05 7.11035536e-05 8.82929862e-01 4.24107886e-04
 1.12491450e-03 1.15126006e-01 2.50300509e-04 3.77780525e-05
 2.46001662e-07 2.11845345e-05]"
4104,resnet,ship,"[1.1702667e-01 8.2722306e-07 1.6485699e-03 3.7673197e-04 1.0992420e-06
 1.1107755e-07 5.0800743e-05 5.6337549e-06 8.7188482e-01 9.0046562e-03]"
8712,resnet,automobile,"[3.0622076e-07 9.9980921e-01 6.0698646e-09 7.0725275e-09 1.7755178e-07
 2.1352224e-09 1.7754170e-08 2.3653078e-08 5.0554041e-07 1.8988935e-04]"
4933,resnet,deer,"[1.2718329e-05 1.5130163e-03 5.4566345e-07 7.4357100e-02 6.4346594e-01
 1.8185532e-05 3.4525249e-07 2.8045848e-01 3.8151658e-05 1.3551787e-04]"
4602,resnet,automobile,"[5.5360161e-11 9.9999988e-01 2.1158061e-10 3.1047158e-09 2.2201389e-10
 6.0282161e-08 4.3460252e-10 5.2740119e-09 2.1313476e-10 3.1296292e-08]"
7565,resnet,automobile,"[2.47050130e-10 9.99999523e-01 1.85285814e-11 1.64050606e-10
 6.80973819e-11 1.26579067e-10 6.77622292e-10 1.40133695e-11
 5.17101057e-07 2.45338172e-09]"
3743,resnet,ship,"[7.6965975e-05 7.4522370e-03 2.5179196e-04 2.2877092e-02 1.9042132e-05
 3.1458005e-02 1.6942586e-06 3.6903399e-05 9.3637007e-01 1.4562065e-03]"
3955,resnet,airplane,"[9.97293890e-01 1.64698613e-05 1.72599289e-06 2.16745120e-03
 3.36921119e-07 2.60496247e-09 1.12558425e-07 4.15294998e-08
 1.42463691e-07 5.19847032e-04]"
7056,resnet,dog,"[5.77624996e-05 1.02549995e-08 2.25468958e-03 6.81278664e-07
 8.31930191e-10 9.97669756e-01 2.08784225e-08 8.79240325e-09
 2.58141064e-10 1.69700179e-05]"
2964,resnet,airplane,"[9.9832946e-01 9.2720503e-10 9.7511929e-07 4.8287216e-08 1.6674771e-03
 1.9047450e-09 9.1430641e-09 7.3575683e-09 2.1007008e-06 1.0247170e-08]"
5571,resnet,airplane,"[9.9998856e-01 2.8401390e-09 1.1000481e-06 6.4683381e-10 5.4794998e-07
 2.0746030e-13 3.6809111e-10 9.7525945e-06 3.5449670e-09 2.2136762e-08]"
8961,resnet,airplane,"[9.9977368e-01 1.2201176e-10 3.0042688e-06 2.4084487e-12 1.5218200e-08
 9.1995724e-11 1.3257831e-09 5.5753236e-07 2.2265912e-04 1.0524629e-07]"
1238,resnet,truck,"[4.5353588e-07 2.6997337e-01 4.3814499e-08 2.2929761e-07 4.2413812e-06
 1.3991948e-05 4.1711894e-03 5.5090023e-08 4.6342368e-05 7.2579002e-01]"
7704,resnet,automobile,"[3.4449737e-08 9.9999714e-01 1.4649462e-10 3.8519595e-08 1.0419441e-09
 4.1436996e-09 2.6881986e-08 1.2197697e-07 2.6318887e-08 2.6524349e-06]"
3816,resnet,deer,"[1.2640501e-08 3.5735360e-07 2.9642504e-01 8.2995768e-08 7.0321596e-01
 3.4362741e-04 1.1332266e-06 1.3537833e-05 5.4754072e-09 3.2913391e-07]"
1190,resnet,automobile,"[6.6070857e-06 9.9579489e-01 1.8463439e-07 1.5673677e-07 1.5255257e-07
 1.1862589e-07 5.3170419e-07 1.2735545e-06 5.6993287e-07 4.1955267e-03]"
3035,resnet,deer,"[5.9550985e-06 2.5050342e-05 1.5458875e-07 4.6512745e-03 9.7657096e-01
 1.3664801e-02 2.2173349e-03 2.6169110e-03 1.7126949e-06 2.4576919e-04]"
384,resnet,dog,"[2.9513536e-10 2.2897684e-07 1.8536217e-03 1.9387326e-07 1.0091887e-06
 9.9804807e-01 9.6457210e-05 3.1052326e-07 8.3873068e-08 3.0713903e-08]"
6995,resnet,automobile,"[6.00585736e-07 9.94915485e-01 6.21220750e-07 1.12359935e-07
 7.32309331e-07 6.61928061e-06 3.73119442e-03 7.89510432e-06
 8.58462416e-04 4.78184171e-04]"
240,resnet,automobile,"[5.2264532e-10 9.9999988e-01 5.5637561e-09 1.2188613e-09 5.8228167e-10
 1.2438006e-08 4.3363006e-08 5.6495830e-09 4.3549250e-08 4.0142872e-08]"
9033,resnet,dog,"[2.3075994e-05 1.1245194e-03 8.4603272e-02 2.7482854e-03 4.9657421e-04
 9.0614969e-01 2.0423308e-03 2.6958510e-03 1.1279913e-04 3.6434685e-06]"
9601,resnet,ship,"[5.6381333e-07 2.0882536e-01 1.0206985e-04 3.6784557e-05 1.2767956e-08
 6.5602762e-07 7.5613752e-05 3.9616785e-05 7.9063636e-01 2.8299951e-04]"
6885,resnet,automobile,"[1.2845005e-01 8.7123573e-01 5.0725969e-08 2.9553231e-04 1.8485757e-06
 5.1160642e-10 2.0566522e-09 1.5972628e-08 1.8790631e-07 1.6506418e-05]"
8503,resnet,automobile,"[1.0642708e-06 9.9987590e-01 8.2840612e-05 2.8531006e-06 7.3359464e-11
 4.4380407e-08 6.5180927e-08 1.8358556e-09 3.4231867e-05 3.0840517e-06]"
4123,resnet,airplane,"[9.9672168e-01 4.5050588e-06 1.6802682e-05 2.7473925e-03 1.5129879e-05
 3.6467196e-07 4.2265412e-04 1.5640789e-07 2.2706054e-07 7.1037037e-05]"
9052,resnet,airplane,"[9.9443543e-01 1.8055250e-06 4.7819852e-03 4.9494179e-07 5.0701152e-07
 1.2191322e-07 4.9253849e-05 1.8952560e-05 7.3001662e-05 6.3850102e-04]"
7902,resnet,bird,"[9.7509352e-09 6.5178991e-09 9.9993813e-01 5.4245630e-09 5.5874625e-05
 1.1587232e-08 1.5468352e-07 2.0533346e-06 1.9308739e-09 3.7995756e-06]"
9751,resnet,airplane,"[6.2532759e-01 8.5670198e-04 6.2387617e-06 1.9944691e-06 2.4218953e-05
 2.8798399e-07 1.6117607e-04 1.4839508e-03 3.7169105e-01 4.4679403e-04]"
5697,resnet,automobile,"[5.5818067e-08 9.9964130e-01 3.4115712e-07 4.0153818e-08 1.1878382e-06
 4.4243507e-07 3.9636825e-07 3.5492646e-06 8.9986322e-08 3.5257876e-04]"
1947,resnet,dog,"[1.0477315e-07 5.7513043e-06 8.4242529e-06 3.5400152e-01 2.3016332e-06
 6.4583760e-01 6.2301326e-05 7.6871504e-05 2.1107803e-06 2.9776854e-06]"
8238,resnet,truck,"[5.5889591e-09 1.1906962e-01 1.6385300e-09 3.8056438e-09 2.6099406e-10
 5.5252946e-07 2.5631692e-07 5.2690507e-07 2.9678182e-07 8.8092875e-01]"
4820,resnet,dog,"[2.1878416e-10 1.0601946e-07 6.7129491e-07 6.7345306e-02 5.5834992e-08
 9.3265349e-01 1.6181663e-09 6.7440098e-08 2.0526593e-07 1.5478076e-08]"
9533,resnet,airplane,"[9.3778473e-01 7.3399500e-09 1.4161291e-09 1.4046125e-06 3.3616773e-10
 1.1893753e-08 7.8386475e-10 2.0994220e-11 6.2213890e-02 8.1638180e-10]"
7472,resnet,truck,"[1.0265908e-02 5.8224130e-02 2.6668871e-03 1.4902965e-05 6.7040361e-03
 2.3367584e-03 1.0438598e-02 2.1419409e-03 3.9123339e-04 9.0681565e-01]"
961,resnet,automobile,"[1.5814775e-06 9.7464263e-01 1.0105867e-06 2.5142015e-07 7.2629764e-06
 1.0616160e-06 2.4342978e-02 3.6760372e-05 7.7173801e-04 1.9464419e-04]"
8326,resnet,dog,"[1.6759340e-11 2.0357346e-12 1.4753180e-08 3.2099169e-06 7.8563585e-07
 9.9999595e-01 4.8262072e-10 2.1731814e-10 4.1772237e-12 1.4126468e-10]"
9323,resnet,automobile,"[1.0846437e-06 9.6010035e-01 4.7378993e-08 6.7069245e-06 3.2888337e-08
 1.4413800e-08 1.6431834e-05 2.9482875e-05 3.9816044e-02 2.9831202e-05]"
2345,resnet,automobile,"[2.0430633e-04 9.6268678e-01 3.7944734e-05 3.5833000e-05 5.4775853e-07
 7.2415241e-05 1.9305003e-04 5.9700710e-06 1.3603773e-05 3.6749586e-02]"
6118,resnet,bird,"[6.4779469e-03 8.7340080e-10 9.9301010e-01 2.3502459e-07 2.2060701e-06
 1.6460694e-09 3.7705180e-07 1.2264526e-10 5.0907512e-04 3.9320547e-08]"
8302,resnet,cat,"[4.0118633e-07 4.7752524e-06 9.2223252e-04 8.3589637e-01 1.9414267e-03
 1.6100520e-01 4.2711894e-05 1.6400599e-04 1.0794058e-05 1.2003930e-05]"
205,resnet,horse,"[1.1145339e-06 1.0077635e-07 1.3063872e-07 2.8654820e-01 3.5292260e-06
 1.4872581e-04 4.4350621e-08 7.1327186e-01 1.2890388e-07 2.6120833e-05]"
4282,resnet,dog,"[1.1329114e-06 2.5523652e-05 3.2085612e-08 3.9902850e-04 2.6014750e-09
 9.9955171e-01 8.2128199e-06 1.4151518e-05 3.6051742e-10 8.6108770e-08]"
1887,resnet,dog,"[1.9916755e-09 7.0202083e-10 5.4247234e-10 3.2908221e-05 4.3118195e-07
 9.9996638e-01 2.5107783e-10 1.7764253e-07 2.2485432e-11 1.9834190e-09]"
4250,resnet,automobile,"[7.0367801e-06 9.2587692e-01 3.9304400e-04 1.2362289e-06 1.0305631e-06
 5.9217837e-06 7.3093876e-02 1.7756306e-06 1.5490221e-04 4.6429315e-04]"
9356,resnet,bird,"[9.1487430e-02 2.8504711e-08 9.0834314e-01 1.1567349e-04 1.1619589e-08
 3.9986914e-10 2.3656820e-07 6.3813957e-08 4.4719098e-05 8.7683802e-06]"
3528,resnet,truck,"[3.1940294e-07 4.4236588e-01 7.9340189e-06 1.6854204e-04 3.6307512e-08
 2.0391322e-07 9.6660230e-08 2.7027086e-08 8.6905857e-08 5.5745691e-01]"
